<metadata xml:lang="en">
  <Esri>
    <CreaDate>20100323</CreaDate>
    <CreaTime>12562000</CreaTime>
    <SyncOnce>FALSE</SyncOnce>
    <ModDate>20100323</ModDate>
    <ModTime>12562000</ModTime>
    <SyncDate>20100323</SyncDate>
    <SyncTime>12562000</SyncTime>
    <MetaID>{ccf89ae9-1112-4506-8cf6-07edd6731d81}</MetaID>
  </Esri>
  <idinfo>
    <descript>
      <langdata>en</langdata>
    </descript>
    <accconst>Individual Authorized User</accconst>
    <useconst>License required</useconst>
    <citation>
      <citeinfo>
        <origin>GfK GeoMarketing GmbH</origin>
        <pubdate>2010</pubdate>
        <onlink>http://www.gfk-geomarketing.com/digital_maps.htm</onlink>
        <geoform Sync="TRUE">vector digital data</geoform>
        <ftname Sync="TRUE">Costa Rica districts</ftname>
        <title Sync="TRUE">Costa Rica districts</title>
      </citeinfo>
    </citation>
    <ptcontac>
      <cntinfo>
        <cntorgp>
          <cntper>Ms. Friedlind Duerr</cntper>
          <cntorg>GfK GeoMarketing GmbH</cntorg>
        </cntorgp>
        <cntpos>Sales International</cntpos>
        <cntaddr>
          <addrtype>physical address</addrtype>
          <address>Werner-von-Siemens-Str.9, Gebaude 6508</address>
          <city>Bruchsal</city>
          <state>Baden-Wuerttemberg</state>
          <postal>76646</postal>
          <country>Germany</country>
        </cntaddr>
        <cntvoice>+49(0)7251/ 9295 247</cntvoice>
        <cntfax>+49(0)7251/ 9295 290</cntfax>
        <cntemail>f.duerr@gfk-geomarketing.com</cntemail>
      </cntinfo>
    </ptcontac>
    <natvform Sync="TRUE">Shapefile</natvform>
    <spdom Sync="TRUE">
      <lboundng Sync="TRUE">
        <leftbc Sync="TRUE">-83.432382</leftbc>
        <rightbc Sync="TRUE">-82.712462</rightbc>
        <bottombc Sync="TRUE">8.343894</bottombc>
        <topbc Sync="TRUE">9.009928</topbc>
      </lboundng>
      <bounding Sync="TRUE">
        <westbc Sync="TRUE">-83.432382</westbc>
        <eastbc Sync="TRUE">-82.712462</eastbc>
        <northbc Sync="TRUE">9.009928</northbc>
        <southbc Sync="TRUE">8.343894</southbc>
      </bounding>
    </spdom>
  </idinfo>
  <metainfo>
    <langmeta>en</langmeta>
    <metstdn Sync="TRUE">FGDC Content Standards for Digital Geospatial Metadata</metstdn>
    <metstdv Sync="TRUE">FGDC-STD-001-1998</metstdv>
    <mettc Sync="TRUE">local time</mettc>
    <metd Sync="TRUE">20100323</metd>
    <metextns>
      <onlink Sync="TRUE">http://www.esri.com/metadata/esriprof80.html</onlink>
      <metprof Sync="TRUE">ESRI Metadata Profile</metprof>
    </metextns>
  </metainfo>
  <distinfo>
    <distrib>
      <cntinfo>
        <cntorgp>
          <cntper>Ms. Friedlind Duerr</cntper>
          <cntorg>GfK GeoMarketing GmbH</cntorg>
        </cntorgp>
        <cntpos>Sales International</cntpos>
        <cntaddr>
          <addrtype>physical address</addrtype>
          <address>Werner-von-Siemens-Str.9, Gebaude 6508</address>
          <city>Bruchsal</city>
          <state>Baden-Wuerttemberg</state>
          <postal>76646</postal>
          <country>Germany</country>
        </cntaddr>
        <cntvoice>+49(0)7251/ 9295 247</cntvoice>
        <cntfax>+49(0)7251/ 9295 290</cntfax>
        <cntemail>f.duerr@gfk-geomarketing.com</cntemail>
        <hours>8:00 - 17:00 (GMT+01:00)</hours>
      </cntinfo>
    </distrib>
    <distliab>The information depicted in this GIS layer is the result of digital analyses performed on a database consisting of information from a variety of governmental and other credible sources.  The accuracy of the information presented is limited to the collective accuracy of the database on the date of the analysis.  The information is believed accurate and reasonable efforts have been made to ensure the accuracy of the data.  However, the  expressly disclaims responsibility for damages or liability that may arise from use of this data.  This product is the property of the GfK GeoMarketing GmbH and its use is hereby restricted.</distliab>
  </distinfo>
  <spdoinfo>
    <direct Sync="TRUE">Vector</direct>
    <ptvctinf>
      <esriterm Name="Costa Rica districts">
        <efeatyp Sync="TRUE">Simple</efeatyp>
        <efeageom Sync="TRUE">Polygon</efeageom>
        <esritopo Sync="TRUE">FALSE</esritopo>
        <efeacnt Sync="TRUE">22</efeacnt>
        <spindex Sync="TRUE">FALSE</spindex>
        <linrefer Sync="TRUE">FALSE</linrefer>
      </esriterm>
      <sdtsterm Name="Costa Rica districts">
        <sdtstype Sync="TRUE">G-polygon</sdtstype>
        <ptvctcnt Sync="TRUE">22</ptvctcnt>
      </sdtsterm>
    </ptvctinf>
  </spdoinfo>
  <eainfo>
    <detailed Name="Costa Rica districts">
      <enttyp>
        <enttypt Sync="TRUE">Feature Class</enttypt>
        <enttypc Sync="TRUE">22</enttypc>
      </enttyp>
      <attr>
        <attrtype Sync="TRUE">OID</attrtype>
        <attwidth Sync="TRUE">4</attwidth>
        <atprecis Sync="TRUE">0</atprecis>
        <attscale Sync="TRUE">0</attscale>
        <attrdef Sync="TRUE">Internal feature number.</attrdef>
        <attrdefs Sync="TRUE">ESRI</attrdefs>
        <attrdomv>
          <udom Sync="TRUE">Sequential unique whole numbers that are automatically generated.</udom>
        </attrdomv>
        <attrlabl Sync="TRUE">FID</attrlabl>
        <attalias Sync="TRUE">FID</attalias>
      </attr>
      <attr>
        <attrtype Sync="TRUE">Geometry</attrtype>
        <attwidth Sync="TRUE">0</attwidth>
        <atprecis Sync="TRUE">0</atprecis>
        <attscale Sync="TRUE">0</attscale>
        <attrdef Sync="TRUE">Feature geometry.</attrdef>
        <attrdefs Sync="TRUE">ESRI</attrdefs>
        <attrdomv>
          <udom Sync="TRUE">Coordinates defining the features.</udom>
        </attrdomv>
        <attrlabl Sync="TRUE">Shape</attrlabl>
        <attalias Sync="TRUE">Shape</attalias>
      </attr>
      <attr>
        <attrtype Sync="TRUE">String</attrtype>
        <attwidth Sync="TRUE">20</attwidth>
        <attrlabl Sync="TRUE">ID</attrlabl>
        <attalias Sync="TRUE">ID</attalias>
      </attr>
      <attr>
        <attrtype Sync="TRUE">String</attrtype>
        <attwidth Sync="TRUE">50</attwidth>
        <attrlabl Sync="TRUE">Name</attrlabl>
        <attalias Sync="TRUE">Name</attalias>
      </attr>
      <attr>
        <attrtype Sync="TRUE">String</attrtype>
        <attwidth Sync="TRUE">50</attwidth>
        <attrlabl Sync="TRUE">Name_ASCII</attrlabl>
        <attalias Sync="TRUE">Name_ASCII</attalias>
      </attr>
      <attr>
        <attrtype Sync="TRUE">String</attrtype>
        <attwidth Sync="TRUE">32</attwidth>
        <attrlabl Sync="TRUE">Belongs_to</attrlabl>
        <attalias Sync="TRUE">Belongs_to</attalias>
      </attr>
    </detailed>
  </eainfo>
  <spref>
    <horizsys>
      <cordsysn>
        <geogcsn Sync="TRUE">GCS_WGS_1984</geogcsn>
      </cordsysn>
      <geograph>
        <geogunit Sync="TRUE">Decimal degrees</geogunit>
        <latres Sync="TRUE">0.000000</latres>
        <longres Sync="TRUE">0.000000</longres>
      </geograph>
      <geodetic>
        <horizdn Sync="TRUE">D_WGS_1984</horizdn>
        <ellips Sync="TRUE">WGS_1984</ellips>
        <semiaxis Sync="TRUE">6378137.000000</semiaxis>
        <denflat Sync="TRUE">298.257224</denflat>
      </geodetic>
    </horizsys>
  </spref>
</metadata>